id,first_name,last_name,email,gender,ip_address
1,Bob,Dylan,kgalpen0@ifeng.com,Female,21.212.114.137
2,Charley,McGuire,cmcguire1@chronoengine.com,Male,179.200.246.136
3,Darrelle,Mynett,dmynett2@netscape.com,Female,190.18.235.75
4,Warde,Weaben,wweaben3@rediff.com,Male,151.156.96.107
5,Josefina,Cirlos,jcirlos4@flavors.me,Female,135.187.118.254
6,Corrie,Gradley,cgradley5@pinterest.com,Male,35.56.33.140
7,Keeley,Haggis,khaggis6@woothemes.com,Female,35.86.20.140
8,Thorvald,MacTerlagh,tmacterlagh7@google.de,Male,5.38.106.176
9,Wilhelm,Baselli,wbaselli8@shop-pro.jp,Polygender,65.4.170.91
10,Mallissa,Levens,mlevens9@so-net.ne.jp,Female,63.232.48.37
11,Kingsley,Parris,kparrisa@homestead.com,Male,229.205.169.154
12,Neron,Sedworth,nsedworthb@hao123.com,Male,145.95.211.99
13,Brnaby,Trower,btrowerc@parallels.com,Male,178.175.118.16
14,Ilse,Fenck,ifenckd@privacy.gov.au,Female,37.85.227.178
15,Jeffie,Sprigin,jsprigine@naver.com,Male,137.203.146.225
16,Tristan,Kern,tkernf@fda.gov,Male,212.229.150.151
17,Nichol,Fenning,nfenningg@ucoz.com,Female,133.65.142.187
18,Pamelina,Wilkerson,pwilkersonh@yale.edu,Female,30.221.90.254
19,Desdemona,Chaytor,dchaytori@time.com,Female,55.185.12.242
20,Clarance,Litt,clittj@last.fm,Male,40.153.231.142
21,Ethelred,Latus,elatusk@cmu.edu,Genderfluid,84.127.38.50
22,Rollins,Pharoah,rpharoahl@mail.ru,Male,85.241.99.87
23,Mikey,Blinder,mblinderm@issuu.com,Male,200.33.165.145
24,Veronike,Cosh,vcoshn@npr.org,Female,158.147.47.68
25,Leonelle,Graves,lgraveso@phpbb.com,Female,153.245.205.102
26,Arty,Urian,aurianp@php.net,Male,232.77.111.222
27,Vinnie,Otterwell,votterwellq@huffingtonpost.com,Female,52.139.226.125
28,Dulce,Lukas,dlukasr@wordpress.org,Non-binary,212.73.33.201
29,Chen,Gircke,cgirckes@dailymail.co.uk,Male,223.21.187.44
30,Hasty,Pile,hpilet@woothemes.com,Genderfluid,114.104.137.12
31,Celestine,Comini,ccominiu@ustream.tv,Female,177.79.186.74
32,Parker,McLaine,pmclainev@ft.com,Male,195.251.222.13
33,Townsend,Kumar,tkumarw@miitbeian.gov.cn,Male,205.39.5.25
34,Patten,Henrique,phenriquex@lulu.com,Male,29.111.60.43
35,Ulrick,Grabbam,ugrabbamy@ucoz.com,Male,21.248.197.199
36,Ruby,McMorran,rmcmorranz@usa.gov,Male,64.194.84.115
37,Jenine,Rosentholer,jrosentholer10@foxnews.com,Female,174.146.224.104
38,Axel,Venour,avenour11@wsj.com,Male,141.192.242.136
39,Julina,Keston,jkeston12@dagondesign.com,Female,106.254.155.187
40,Skipper,Lapworth,slapworth13@ibm.com,Male,61.203.186.140
41,Filbert,Oseland,foseland14@ebay.co.uk,Male,231.162.128.244
42,Lyn,Ren,lren15@chicagotribune.com,Male,14.208.171.40
43,Carmelle,Longmate,clongmate16@booking.com,Female,124.61.4.194
44,Merry,Ogle,mogle17@baidu.com,Male,83.63.187.233
45,Neddie,Easby,neasby18@quantcast.com,Male,182.92.235.143
46,Hynda,Negro,hnegro19@topsy.com,Genderfluid,219.216.200.184
47,Barbee,Yegorshin,byegorshin1a@yahoo.co.jp,Female,255.138.251.251
48,Janie,Midson,jmidson1b@printfriendly.com,Female,104.149.31.202
49,Terese,Errichelli,terrichelli1c@tuttocitta.it,Female,195.193.242.164
50,Chantal,Chess,cchess1d@thetimes.co.uk,Female,217.61.20.142
51,Dell,Gwyther,dgwyther1e@wp.com,Male,35.146.18.190
52,Johny,Piniur,jpiniur1f@europa.eu,Male,65.164.213.181
53,Petunia,Dansey,pdansey1g@state.tx.us,Female,78.179.54.162
54,Schuyler,Meek,smeek1h@jigsy.com,Male,160.33.11.229
55,Kip,Sowray,ksowray1i@tripadvisor.com,Genderfluid,154.146.111.195
56,Bengt,Deex,bdeex1j@prnewswire.com,Male,163.234.38.185
57,Christoffer,Cornils,ccornils1k@desdev.cn,Male,238.60.184.6
58,Farrell,Reyner,freyner1l@ebay.com,Male,27.45.204.94
59,Dyana,Bibby,dbibby1m@pbs.org,Female,186.45.221.89
60,Dmitri,Mora,dmora1n@rambler.ru,Male,180.95.235.25
61,Amabelle,Mottershead,amottershead1o@ucla.edu,Female,136.164.197.209
62,Eydie,Spearman,espearman1p@wix.com,Female,59.65.143.217
63,Ruttger,Rosewarne,rrosewarne1q@businessweek.com,Male,5.27.161.187
64,Esme,Crayker,ecrayker1r@symantec.com,Male,213.170.202.125
65,Layton,Poulston,lpoulston1s@biglobe.ne.jp,Male,8.149.92.117
66,Rorie,Stormouth,rstormouth1t@latimes.com,Female,101.116.128.227
67,Shannon,Branson,sbranson1u@goo.ne.jp,Female,184.99.198.224
68,Claus,Mallen,cmallen1v@tumblr.com,Male,130.200.143.12
69,Muffin,Jakubowicz,mjakubowicz1w@foxnews.com,Female,233.38.205.9
70,Florry,Cauldfield,fcauldfield1x@google.it,Female,53.58.146.91
71,Orazio,Rennolds,orennolds1y@hatena.ne.jp,Polygender,122.183.105.165
72,Midge,Ledwidge,mledwidge1z@psu.edu,Female,118.151.15.24
73,Adamo,Ullyott,aullyott20@engadget.com,Male,5.201.206.219
74,Karissa,Speachley,kspeachley21@hc360.com,Female,194.15.240.247
75,Helene,McGillicuddy,hmcgillicuddy22@artisteer.com,Female,39.171.219.254
76,Vinny,Seson,vseson23@springer.com,Male,82.51.200.121
77,Lindsy,Rubinow,lrubinow24@newsvine.com,Female,145.72.108.85
78,Brana,Rickarsey,brickarsey25@tuttocitta.it,Female,241.80.252.187
79,Lotty,Richens,lrichens26@fotki.com,Bigender,114.162.54.211
80,Jammie,Irdale,jirdale27@t-online.de,Female,176.213.130.118
81,Malena,Leggs,mleggs28@sourceforge.net,Female,79.92.37.134
82,Derril,Alonso,dalonso29@edublogs.org,Polygender,228.84.203.153
83,Abbe,Issit,aissit2a@yandex.ru,Male,94.53.0.155
84,Faber,Fury,ffury2b@slashdot.org,Male,114.6.182.86
85,Bettina,MacUchadair,bmacuchadair2c@google.ca,Female,10.123.183.102
86,Catherina,Flippini,cflippini2d@issuu.com,Female,177.90.97.165
87,Arluene,Jentet,ajentet2e@weather.com,Female,228.70.34.234
88,Lenard,Birdis,lbirdis2f@com.com,Male,106.99.150.130
89,Norbie,Fairleigh,nfairleigh2g@geocities.com,Male,109.99.111.123
90,Miner,Grishkov,mgrishkov2h@europa.eu,Male,7.56.213.98
91,Ronnie,Aronov,raronov2i@ustream.tv,Male,159.234.62.58
92,Jonathon,Roome,jroome2j@eventbrite.com,Male,163.150.184.239
93,Mick,Felce,mfelce2k@cdbaby.com,Male,39.132.120.17
94,Ariel,Rockwell,arockwell2l@a8.net,Male,2.209.115.103
95,Mag,Shellibeer,mshellibeer2m@nbcnews.com,Female,163.11.92.23
96,Aurora,Scoone,ascoone2n@yolasite.com,Female,156.81.117.24
97,Ronny,Seale,rseale2o@ed.gov,Female,181.242.199.71
98,Dwain,Leborgne,dleborgne2p@guardian.co.uk,Male,53.26.19.140
99,Crawford,Penhaligon,cpenhaligon2q@uiuc.edu,Male,1.93.214.167
100,Decca,Wolfindale,dwolfindale2r@fotki.com,Male,33.179.86.121
101,Amalee,Sjollema,asjollema2s@eventbrite.com,Female,204.181.199.130
102,Rubin,Wanne,rwanne2t@amazon.com,Male,151.133.83.168
103,Demott,Tomaszynski,dtomaszynski2u@issuu.com,Male,25.235.24.47
104,Goddard,Banasevich,gbanasevich2v@npr.org,Male,243.100.188.191
105,Harlan,Venturoli,hventuroli2w@constantcontact.com,Male,88.36.130.207
106,Yoshiko,Bicker,ybicker2x@time.com,Polygender,93.114.124.146
107,Shirlene,Dillaway,sdillaway2y@mozilla.org,Female,96.140.196.4
108,George,Trevorrow,gtrevorrow2z@cdbaby.com,Female,10.2.45.40
109,Ferdy,Ruf,fruf30@prlog.org,Male,112.209.212.125
110,Dalton,Dalglish,ddalglish31@digg.com,Male,33.40.59.156
111,Alta,Hayman,ahayman32@acquirethisname.com,Female,99.6.211.255
112,Flory,Buckles,fbuckles33@amazon.co.uk,Genderqueer,249.148.188.165
113,Nydia,Bilam,nbilam34@rediff.com,Female,251.132.230.237
114,Fonzie,Starzaker,fstarzaker35@buzzfeed.com,Male,81.195.108.243
115,Guenna,Kondrat,gkondrat36@google.co.uk,Female,93.67.58.255
116,Randall,Millimoe,rmillimoe37@geocities.com,Male,42.170.24.47
117,Sauveur,Heers,sheers38@reuters.com,Male,179.245.121.221
118,Gus,Challicum,gchallicum39@tamu.edu,Male,15.114.182.105
119,Reinhard,Stares,rstares3a@moonfruit.com,Male,51.170.202.202
120,Oates,Prattin,oprattin3b@moonfruit.com,Male,132.47.38.92
121,Klemens,Graalmans,kgraalmans3c@youku.com,Male,42.151.62.248
122,Emili,Reubbens,ereubbens3d@youku.com,Female,241.36.62.114
123,Moina,Beine,mbeine3e@yahoo.com,Female,191.72.141.165
124,Carr,Tulip,ctulip3f@multiply.com,Male,189.173.130.56
125,Hymie,Fosdick,hfosdick3g@pagesperso-orange.fr,Male,97.80.224.183
126,Betta,Fullwood,bfullwood3h@yandex.ru,Female,113.64.179.165
127,Thorndike,Paddock,tpaddock3i@livejournal.com,Male,146.24.83.98
128,Hyman,Castano,hcastano3j@macromedia.com,Male,100.72.12.31
129,Darcee,Towse,dtowse3k@joomla.org,Female,155.5.141.234
130,Philbert,Vaines,pvaines3l@xing.com,Male,68.177.226.84
131,Westley,Lynn,wlynn3m@example.com,Male,1.28.84.208
132,Shaylynn,Baert,sbaert3n@ezinearticles.com,Genderqueer,129.18.61.70
133,Kit,Voce,kvoce3o@linkedin.com,Female,100.7.10.240
134,Adoree,Musson,amusson3p@ow.ly,Female,23.142.5.118
135,Hayley,Child,hchild3q@nasa.gov,Female,154.202.13.241
136,Queenie,Towndrow,qtowndrow3r@seesaa.net,Female,60.81.220.214
137,Kyla,Norwood,knorwood3s@ucoz.ru,Female,196.184.110.243
138,Joye,Boxe,jboxe3t@prnewswire.com,Female,31.132.41.5
139,Horten,Kilkenny,hkilkenny3u@arstechnica.com,Male,75.88.21.141
140,Laverne,Ortelt,lortelt3v@marriott.com,Female,254.17.134.204
141,Edy,Alpine,ealpine3w@vinaora.com,Female,11.207.143.113
142,Verna,Litterick,vlitterick3x@nhs.uk,Female,83.103.211.104
143,Dionis,Saynor,dsaynor3y@issuu.com,Female,72.86.203.226
144,Mitzi,Biasini,mbiasini3z@noaa.gov,Female,163.45.91.196
145,Ali,Jermyn,ajermyn40@army.mil,Female,234.212.42.180
146,Arman,Adamczyk,aadamczyk41@google.co.jp,Male,134.187.164.10
147,Fonzie,Nestoruk,fnestoruk42@mit.edu,Male,59.7.41.166
148,Heriberto,Joy,hjoy43@sourceforge.net,Male,185.52.28.167
149,Hettie,Catley,hcatley44@instagram.com,Female,49.205.50.143
150,Letty,Batkin,lbatkin45@rediff.com,Female,119.13.123.233
151,Klarrisa,Jellicorse,kjellicorse46@facebook.com,Female,108.134.12.204
152,Mignonne,Portugal,mportugal47@aol.com,Female,34.172.51.208
153,Simona,Tomasicchio,stomasicchio48@phpbb.com,Female,50.80.118.4
154,Kristi,Cowlam,kcowlam49@pcworld.com,Female,237.235.68.103
155,Teriann,Cropp,tcropp4a@cisco.com,Female,47.10.54.158
156,Kalinda,Duckerin,kduckerin4b@dot.gov,Bigender,16.167.31.21
157,Pernell,Derill,pderill4c@cbslocal.com,Male,250.175.115.13
158,Laney,Berg,lberg4d@nyu.edu,Bigender,116.166.73.8
159,Annecorinne,Tegeller,ategeller4e@nba.com,Female,179.120.137.192
160,Melicent,Baldoni,mbaldoni4f@amazonaws.com,Female,213.128.17.128
161,Cory,Stocken,cstocken4g@sourceforge.net,Female,203.135.143.113
162,Errick,Jaquin,ejaquin4h@state.tx.us,Male,221.234.177.19
163,Homerus,Ravenshear,hravenshear4i@disqus.com,Agender,133.20.99.94
164,Myrtice,Lourenco,mlourenco4j@craigslist.org,Female,47.185.35.1
165,Jaquith,Jelkes,jjelkes4k@cmu.edu,Female,63.252.250.93
166,Zonnya,Bread,zbread4l@webnode.com,Female,199.179.1.233
167,Kristofor,Shivlin,kshivlin4m@wordpress.org,Male,169.2.50.108
168,Kamilah,Rapley,krapley4n@scribd.com,Genderfluid,33.144.13.191
169,Cari,Slayford,cslayford4o@scribd.com,Female,129.69.50.69
170,Antone,Danslow,adanslow4p@livejournal.com,Male,177.21.22.74
171,Oralee,Eastment,oeastment4q@icio.us,Female,62.40.74.187
172,Case,Nyssen,cnyssen4r@webeden.co.uk,Polygender,209.146.254.213
173,Henriette,Bothwell,hbothwell4s@webeden.co.uk,Female,38.134.229.172
174,Antoni,Sunnucks,asunnucks4t@macromedia.com,Male,200.25.152.9
175,Boycey,Whiskerd,bwhiskerd4u@who.int,Male,71.252.13.224
176,Meghan,Wylder,mwylder4v@toplist.cz,Female,15.106.113.171
177,Charline,Muehler,cmuehler4w@slashdot.org,Female,142.196.149.206
178,Drona,Bohlens,dbohlens4x@blogspot.com,Female,247.140.42.40
179,Brucie,Redholes,bredholes4y@slideshare.net,Male,190.65.168.46
180,Tallou,Greenham,tgreenham4z@cisco.com,Female,121.154.2.240
181,Rhett,Breadmore,rbreadmore50@tmall.com,Male,52.242.22.137
182,Lori,Keech,lkeech51@abc.net.au,Female,133.174.254.209
183,Reagen,Letteresse,rletteresse52@tmall.com,Male,199.63.64.72
184,Juditha,Niesegen,jniesegen53@lulu.com,Female,239.103.0.69
185,Alvan,Easum,aeasum54@squidoo.com,Male,245.108.77.61
186,Constanta,Innot,cinnot55@google.de,Female,208.127.99.45
187,Paolo,Saunt,psaunt56@bizjournals.com,Male,130.90.124.159
188,Alair,Conigsby,aconigsby57@geocities.jp,Male,34.193.167.134
189,Chickie,Seath,cseath58@icq.com,Male,95.75.144.85
190,Faydra,Tinston,ftinston59@simplemachines.org,Female,187.138.139.64
191,Dev,Measey,dmeasey5a@addtoany.com,Male,99.48.221.44
192,Orsola,Bodemeaid,obodemeaid5b@t-online.de,Female,32.47.39.136
193,Kristy,Master,kmaster5c@mayoclinic.com,Female,140.54.239.213
194,Olympie,Haker,ohaker5d@1und1.de,Female,194.151.99.235
195,Brooke,Layzell,blayzell5e@usatoday.com,Male,133.194.68.226
196,Regine,Aldersea,raldersea5f@usatoday.com,Female,167.158.199.250
197,Rosalie,Stollsteimer,rstollsteimer5g@symantec.com,Female,166.134.75.20
198,Cole,Markova,cmarkova5h@altervista.org,Male,98.136.65.183
199,Zack,O'Hoolahan,zohoolahan5i@mail.ru,Male,40.94.178.185
200,Shamus,Castillou,scastillou5j@msu.edu,Male,76.97.96.208
201,Dreddy,Younglove,dyounglove5k@gizmodo.com,Female,126.121.191.144
202,Jorgan,Felipe,jfelipe5l@quantcast.com,Male,179.188.62.140
203,Germain,Blacklidge,gblacklidge5m@tuttocitta.it,Male,6.91.218.201
204,Roselin,Wrangle,rwrangle5n@usa.gov,Polygender,242.185.57.4
205,Sara-ann,Gerrels,sgerrels5o@smugmug.com,Polygender,232.239.110.192
206,Mohandas,Tildesley,mtildesley5p@i2i.jp,Male,49.248.120.64
207,Renaud,Ferrarello,rferrarello5q@si.edu,Male,165.10.25.128
208,Cordy,Challinor,cchallinor5r@bizjournals.com,Male,219.198.177.20
209,Davie,Yarn,dyarn5s@meetup.com,Male,86.129.213.169
210,Trixi,Hollyar,thollyar5t@fastcompany.com,Female,77.32.140.107
211,Dolli,Janny,djanny5u@live.com,Female,26.151.131.130
212,Clareta,Le land,cleland5v@networksolutions.com,Female,60.21.217.92
213,Derrik,MacTrustie,dmactrustie5w@google.fr,Male,111.193.191.184
214,Reggi,Meneyer,rmeneyer5x@hc360.com,Female,203.76.38.20
215,Yoshi,Le Port,yleport5y@umn.edu,Genderfluid,225.173.251.28
216,Waldon,Lindop,wlindop5z@cdc.gov,Non-binary,89.187.209.22
217,Felipa,Hindenburg,fhindenburg60@qq.com,Female,0.195.211.3
218,Jayson,Assard,jassard61@livejournal.com,Male,223.39.197.217
219,Massimo,Carvil,mcarvil62@macromedia.com,Agender,243.45.221.114
220,Mano,Malitrott,mmalitrott63@wikimedia.org,Male,95.124.34.103
221,Lilah,Shallcroff,lshallcroff64@sciencedaily.com,Female,31.78.241.235
222,Brendin,Boow,bboow65@icq.com,Male,211.240.72.79
223,Tome,Rodenburg,trodenburg66@disqus.com,Male,233.36.73.243
224,Lynnea,Hazell,lhazell67@theglobeandmail.com,Female,236.139.188.165
225,Cosmo,Ricciardi,cricciardi68@is.gd,Non-binary,167.114.54.159
226,Jonis,Dummer,jdummer69@abc.net.au,Agender,117.194.59.237
227,Farah,Selby,fselby6a@ft.com,Female,243.101.221.233
228,Hollis,Comizzoli,hcomizzoli6b@domainmarket.com,Male,117.78.113.159
229,Toni,Ingarfill,tingarfill6c@un.org,Female,141.81.207.147
230,Camellia,O'Sheils,cosheils6d@liveinternet.ru,Genderqueer,30.178.191.31
231,Yardley,Connelly,yconnelly6e@businesswire.com,Male,174.87.19.103
232,Beulah,Parfrey,bparfrey6f@wordpress.com,Female,65.148.138.222
233,Marielle,Strotton,mstrotton6g@go.com,Agender,198.25.60.109
234,Timmy,Gianolini,tgianolini6h@cisco.com,Male,25.77.248.143
235,Leopold,Cuerdall,lcuerdall6i@statcounter.com,Male,7.216.73.28
236,Morly,Buggs,mbuggs6j@barnesandnoble.com,Male,80.179.84.215
237,Moina,Warcup,mwarcup6k@about.com,Female,190.198.59.41
238,Goddart,Queyeiro,gqueyeiro6l@histats.com,Male,187.235.251.18
239,Shanan,Hills,shills6m@cafepress.com,Male,42.252.144.112
240,Rena,MacNamee,rmacnamee6n@wikispaces.com,Female,98.54.109.172
241,Cooper,Cross,ccross6o@psu.edu,Male,14.179.107.225
242,Catlaina,Earingey,cearingey6p@webs.com,Female,254.134.207.204
243,Norine,Katzmann,nkatzmann6q@china.com.cn,Female,233.202.216.248
244,Avrom,Persicke,apersicke6r@people.com.cn,Male,253.136.35.112
245,Darya,Swalough,dswalough6s@columbia.edu,Female,11.145.178.63
246,Biddy,Millican,bmillican6t@bloglines.com,Female,165.101.64.18
247,Alexina,Linge,alinge6u@tripod.com,Female,82.147.120.140
248,Nerta,Karpenko,nkarpenko6v@alibaba.com,Female,231.67.92.162
249,Alfredo,Hocking,ahocking6w@people.com.cn,Male,153.66.221.233
250,Charlot,Petrelli,cpetrelli6x@stumbleupon.com,Female,146.129.31.109
251,Roy,Huntar,rhuntar6y@freewebs.com,Bigender,77.86.249.75
252,Sammie,Spadelli,sspadelli6z@freewebs.com,Male,131.202.10.182
253,Karla,Crees,kcrees70@blinklist.com,Female,157.235.213.157
254,Jobie,Berthelmot,jberthelmot71@mapy.cz,Female,255.7.34.144
255,Florian,Billingham,fbillingham72@prweb.com,Male,104.219.67.125
256,Eleen,Davers,edavers73@digg.com,Genderfluid,227.147.243.17
257,Jilleen,Stearn,jstearn74@usatoday.com,Female,86.77.23.171
258,Julita,Schindler,jschindler75@weebly.com,Female,240.243.123.48
259,Tory,McDiarmid,tmcdiarmid76@wikipedia.org,Female,199.137.82.164
260,Kermit,Ruckhard,kruckhard77@wikipedia.org,Male,112.62.238.237
261,Tobias,Shirrell,tshirrell78@theatlantic.com,Genderqueer,213.96.157.81
262,Ogdon,Robbey,orobbey79@cbslocal.com,Male,197.211.214.149
263,Querida,Eyckelbeck,qeyckelbeck7a@eventbrite.com,Female,85.41.182.200
264,Tracie,Elvy,telvy7b@fotki.com,Female,69.46.62.203
265,Maitilde,Cobon,mcobon7c@360.cn,Female,152.161.114.145
266,Reggy,Wipfler,rwipfler7d@epa.gov,Male,222.54.245.95
267,Tabatha,Jeanet,tjeanet7e@slideshare.net,Female,222.215.193.247
268,Jenica,Dillet,jdillet7f@sina.com.cn,Female,121.222.19.222
269,Tressa,Leveret,tleveret7g@blinklist.com,Female,170.146.108.139
270,Gavra,Dmtrovic,gdmtrovic7h@gnu.org,Female,57.224.72.247
271,Sher,Lakeland,slakeland7i@discovery.com,Female,66.69.153.96
272,Shannan,Tinline,stinline7j@cnet.com,Male,3.63.187.11
273,Sorcha,MacHoste,smachoste7k@rakuten.co.jp,Female,99.183.235.228
274,Tomasine,Siuda,tsiuda7l@netlog.com,Female,27.96.55.79
275,Tammie,Crake,tcrake7m@posterous.com,Male,42.198.8.150
276,Violetta,Littlechild,vlittlechild7n@nps.gov,Female,126.184.61.162
277,Doug,Portwaine,dportwaine7o@seesaa.net,Male,98.65.204.199
278,Wolfgang,Renshaw,wrenshaw7p@clickbank.net,Male,109.124.150.200
279,Candi,Borrington,cborrington7q@springer.com,Genderfluid,84.190.108.43
280,Ronnie,Boddie,rboddie7r@weather.com,Male,27.2.128.114
281,Bartholomew,Avon,bavon7s@vkontakte.ru,Male,73.25.178.147
282,Tomi,Albon,talbon7t@usgs.gov,Genderqueer,62.118.218.103
283,Ajay,Mapham,amapham7u@naver.com,Female,97.23.114.83
284,Bank,Greenhaugh,bgreenhaugh7v@over-blog.com,Male,66.28.152.14
285,Vinita,Gillespey,vgillespey7w@csmonitor.com,Female,220.53.233.117
286,Lefty,Neilus,lneilus7x@sogou.com,Male,170.112.9.132
287,Jonas,Rogge,jrogge7y@mail.ru,Male,195.232.181.217
288,Sheba,Sorro,ssorro7z@virginia.edu,Female,14.28.178.29
289,Randal,Strangeways,rstrangeways80@youtu.be,Male,3.213.211.59
290,Cyril,Murra,cmurra81@netscape.com,Male,115.212.48.47
291,Perkin,Stallibrass,pstallibrass82@blogger.com,Male,135.193.116.10
292,Abbey,Heugh,aheugh83@webeden.co.uk,Polygender,43.35.188.243
293,Eda,Kingscote,ekingscote84@mit.edu,Female,158.182.48.112
294,Curcio,Prangnell,cprangnell85@europa.eu,Male,31.171.36.187
295,Charlie,Delieu,cdelieu86@yahoo.com,Male,165.108.152.13
296,Maje,O'Kieran,mokieran87@princeton.edu,Male,224.204.152.100
297,Obed,Spondley,ospondley88@mysql.com,Male,207.251.230.208
298,Dedie,Cunde,dcunde89@eventbrite.com,Female,213.123.210.5
299,Marena,O'Henery,mohenery8a@mayoclinic.com,Female,14.61.58.83
300,Margot,Gartin,mgartin8b@discovery.com,Female,22.92.65.239
301,Jud,Baszkiewicz,jbaszkiewicz8c@imgur.com,Polygender,112.248.30.211
302,Nikolai,Fice,nfice8d@4shared.com,Male,185.66.54.159
303,Siana,Drains,sdrains8e@ameblo.jp,Female,72.114.190.79
304,Barret,Pietz,bpietz8f@instagram.com,Male,39.6.180.106
305,Roderick,Penketh,rpenketh8g@sciencedaily.com,Male,253.184.19.9
306,Elsworth,Slegg,eslegg8h@163.com,Male,19.255.225.132
307,Ede,Cattermole,ecattermole8i@ihg.com,Female,233.110.165.254
308,Yoshi,Sheehan,ysheehan8j@purevolume.com,Female,111.89.20.153
309,Herb,Abbotson,habbotson8k@state.gov,Male,185.185.173.222
310,Aymer,Pendrigh,apendrigh8l@weibo.com,Male,29.81.247.145
311,Larissa,Annatt,lannatt8m@nbcnews.com,Female,243.186.26.79
312,Quincey,Wabb,qwabb8n@apple.com,Male,79.39.94.38
313,Maud,Dutch,mdutch8o@prlog.org,Female,134.249.95.162
314,Silas,McNeigh,smcneigh8p@xing.com,Male,136.234.21.224
315,Lennard,Ackerley,lackerley8q@surveymonkey.com,Male,188.218.157.99
316,Lorne,Howse,lhowse8r@house.gov,Male,227.117.85.1
317,Oberon,Tremayne,otremayne8s@mayoclinic.com,Male,79.239.105.84
318,Corey,Alker,calker8t@stanford.edu,Female,24.26.218.33
319,Innis,Matthias,imatthias8u@issuu.com,Male,124.196.70.223
320,Christian,Fearnehough,cfearnehough8v@icio.us,Male,121.30.196.141
321,Nanice,Dunaway,ndunaway8w@sfgate.com,Female,76.173.36.124
322,Estele,Kryzhov,ekryzhov8x@shinystat.com,Polygender,117.160.241.71
323,Vale,Osipenko,vosipenko8y@webeden.co.uk,Male,109.156.98.7
324,Homer,Vassall,hvassall8z@photobucket.com,Male,78.53.115.98
325,Ashlin,Yanukhin,ayanukhin90@examiner.com,Male,131.202.35.4
326,Katrinka,Jermy,kjermy91@wix.com,Female,151.68.130.221
327,Urson,Signore,usignore92@homestead.com,Male,250.2.223.132
328,Claribel,Bartoszewski,cbartoszewski93@plala.or.jp,Female,82.150.105.198
329,Albertina,Penhaleurack,apenhaleurack94@squidoo.com,Bigender,52.135.61.157
330,Marsh,Tolworthy,mtolworthy95@epa.gov,Male,99.13.49.65
331,Ignacius,Houseley,ihouseley96@sciencedaily.com,Male,84.16.94.211
332,Kele,Grubb,kgrubb97@multiply.com,Male,213.47.147.222
333,Tiler,Bollon,tbollon98@cafepress.com,Non-binary,77.171.99.116
334,Dud,Bosence,dbosence99@live.com,Male,42.171.53.106
335,Laney,Keningham,lkeningham9a@1und1.de,Female,5.29.96.151
336,Osbert,Longley,olongley9b@seattletimes.com,Male,15.182.175.152
337,Helena,Mitchenson,hmitchenson9c@google.com.hk,Female,22.74.196.9
338,Shel,Antonomolii,santonomolii9d@blogs.com,Female,167.225.182.97
339,Claudius,Antley,cantley9e@ehow.com,Male,178.32.0.42
340,Shanon,Kubicki,skubicki9f@xing.com,Female,188.100.248.17
341,Dee,Boaler,dboaler9g@webeden.co.uk,Female,82.202.228.169
342,Dalston,Finan,dfinan9h@sina.com.cn,Male,119.226.28.167
343,Horton,Morrish,hmorrish9i@meetup.com,Male,248.125.45.138
344,Cori,Pelz,cpelz9j@ox.ac.uk,Polygender,80.169.170.109
345,Caralie,O'Shevlin,coshevlin9k@jalbum.net,Female,246.85.187.123
346,Marlo,Beresford,mberesford9l@nydailynews.com,Male,233.14.165.87
347,Chandal,Rollings,crollings9m@webeden.co.uk,Female,223.68.23.161
348,Gene,Dutnall,gdutnall9n@instagram.com,Male,4.197.151.28
349,Fletch,Tweedle,ftweedle9o@desdev.cn,Bigender,32.48.37.10
350,Dane,Cacacie,dcacacie9p@github.com,Bigender,84.225.11.54
351,Colleen,Sowrah,csowrah9q@usda.gov,Female,73.190.121.178
352,Leoine,Isaksen,lisaksen9r@msn.com,Female,57.135.0.70
353,Robby,Uttridge,ruttridge9s@latimes.com,Female,25.202.114.18
354,Celeste,Broadey,cbroadey9t@loc.gov,Female,119.234.40.154
355,Gerri,Grasner,ggrasner9u@photobucket.com,Agender,233.214.119.145
356,Lois,Andrault,landrault9v@amazon.com,Female,2.129.126.80
357,Linc,Steinham,lsteinham9w@elpais.com,Male,130.12.229.105
358,Arin,Tabourin,atabourin9x@comsenz.com,Male,60.255.6.246
359,Fredric,Chancellor,fchancellor9y@skyrock.com,Male,219.57.139.251
360,Florenza,O'Fergus,fofergus9z@msu.edu,Female,255.253.159.58
361,Hercule,Rylett,hryletta0@google.nl,Male,53.79.124.143
362,Sosanna,Sparsholt,ssparsholta1@cisco.com,Female,28.254.153.9
363,Margaretta,Wooland,mwoolanda2@opera.com,Female,92.108.182.88
364,Ellwood,Antoszewski,eantoszewskia3@yahoo.co.jp,Bigender,130.15.58.133
365,Alanah,Fairholme,afairholmea4@tripod.com,Female,16.25.32.107
366,Morganne,Amiranda,mamirandaa5@earthlink.net,Female,167.95.53.103
367,Greggory,Wigfall,gwigfalla6@cmu.edu,Polygender,225.0.191.247
368,Debbi,Mathely,dmathelya7@wunderground.com,Female,58.27.217.152
369,Erl,Tumilty,etumiltya8@go.com,Male,114.174.220.116
370,Sharl,Newsome,snewsomea9@reddit.com,Female,43.211.209.164
371,Thorstein,Laverty,tlavertyaa@telegraph.co.uk,Male,94.116.43.128
372,Nelli,Ardling,nardlingab@dot.gov,Female,202.192.34.195
373,Wallie,Spiers,wspiersac@alexa.com,Female,100.126.120.139
374,Robinson,Reeveley,rreeveleyad@bandcamp.com,Male,185.3.158.42
375,Nettie,Lavielle,nlavielleae@google.ca,Female,253.170.73.227
376,Kimbell,Keohane,kkeohaneaf@nydailynews.com,Male,119.9.55.84
377,Hayyim,Garrett,hgarrettag@imageshack.us,Male,227.192.206.253
378,Giselbert,Thamelt,gthameltah@dmoz.org,Male,250.204.1.200
379,Blake,Antoniewski,bantoniewskiai@forbes.com,Female,17.14.13.88
380,Calley,Trevaskiss,ctrevaskissaj@census.gov,Female,75.173.212.135
381,Edmund,Le Port,eleportak@prnewswire.com,Male,228.176.46.100
382,Riannon,Gornall,rgornallal@buzzfeed.com,Female,224.246.51.35
383,Hayden,Pepperd,hpepperdam@wufoo.com,Male,94.187.240.240
384,Salomo,Tythacott,stythacottan@zdnet.com,Male,250.121.118.78
385,Dar,Vlasov,dvlasovao@rediff.com,Male,170.107.248.111
386,Jard,Hrinishin,jhrinishinap@thetimes.co.uk,Male,207.93.240.205
387,Freddie,Burvill,fburvillaq@bravesites.com,Female,250.174.226.151
388,Harman,Gierardi,hgierardiar@godaddy.com,Male,213.79.10.63
389,Corenda,Struys,cstruysas@biblegateway.com,Female,83.162.88.91
390,Jo,Bertwistle,jbertwistleat@is.gd,Bigender,106.96.176.15
391,Corette,Carlesi,ccarlesiau@timesonline.co.uk,Female,55.165.249.175
392,Jasmine,Guillon,jguillonav@newsvine.com,Female,10.103.179.72
393,Celina,Learmonth,clearmonthaw@hp.com,Female,23.211.221.114
394,Bartolemo,Penner,bpennerax@prweb.com,Male,74.119.207.13
395,Aldus,Boddymead,aboddymeaday@mtv.com,Male,79.90.100.134
396,Efrem,Pudan,epudanaz@nhs.uk,Male,136.218.183.29
397,Arleyne,Lancley,alancleyb0@marketwatch.com,Female,28.74.38.160
398,Ashlen,Heinz,aheinzb1@moonfruit.com,Female,108.18.168.124
399,Meg,Noraway,mnorawayb2@icio.us,Female,157.253.189.8
400,Codee,Quirke,cquirkeb3@people.com.cn,Female,119.146.225.75
401,Dicky,Tollerfield,dtollerfieldb4@mail.ru,Male,128.64.154.167
402,Patsy,Haddow,phaddowb5@indiatimes.com,Male,84.180.107.183
403,Merilee,Moir,mmoirb6@hibu.com,Female,230.135.209.143
404,Alister,Squire,asquireb7@pcworld.com,Male,247.231.52.157
405,Giovanna,Leaming,gleamingb8@cocolog-nifty.com,Female,134.138.214.49
406,Gerhard,Leyfield,gleyfieldb9@artisteer.com,Male,31.244.96.233
407,Lambert,Trewett,ltrewettba@bravesites.com,Male,219.147.129.108
408,Nannette,Saintsbury,nsaintsburybb@i2i.jp,Female,236.146.0.7
409,Clarence,Bulfoot,cbulfootbc@mit.edu,Male,61.91.1.221
410,Nobie,Lamb,nlambbd@usgs.gov,Male,84.52.234.179
411,Flory,McEniry,fmcenirybe@statcounter.com,Male,37.227.238.245
412,Anthiathia,Sevin,asevinbf@springer.com,Female,182.164.84.232
413,Fernande,Loakes,floakesbg@gizmodo.com,Female,134.161.216.13
414,Allianora,Offill,aoffillbh@netscape.com,Female,78.182.89.132
415,Colas,Mattiussi,cmattiussibi@purevolume.com,Male,46.155.98.162
416,Kristy,Whithorn,kwhithornbj@uol.com.br,Female,158.162.42.180
417,Shelba,Mollatt,smollattbk@cafepress.com,Female,195.109.2.149
418,Humberto,Kingsbury,hkingsburybl@4shared.com,Male,81.131.62.127
419,Rosemarie,Farmery,rfarmerybm@parallels.com,Female,18.12.161.201
420,Beth,Atkirk,batkirkbn@who.int,Female,153.202.3.0
421,Lyle,Mungane,lmunganebo@ibm.com,Male,171.253.112.228
422,Monroe,Willmore,mwillmorebp@wunderground.com,Male,53.199.199.230
423,Kristyn,Knock,kknockbq@ow.ly,Female,86.128.247.161
424,Jemmy,Phillps,jphillpsbr@cisco.com,Female,175.172.79.228
425,Aland,Sawney,asawneybs@nps.gov,Polygender,102.129.74.117
426,Finn,McCamish,fmccamishbt@gravatar.com,Male,179.104.255.70
427,Kelly,Abramowitch,kabramowitchbu@independent.co.uk,Male,90.108.42.240
428,Giselle,Dorie,gdoriebv@ehow.com,Female,233.49.225.9
429,Ted,Creed,tcreedbw@ustream.tv,Female,12.251.150.64
430,Read,Edland,redlandbx@berkeley.edu,Male,58.71.123.85
431,Todd,Darville,tdarvilleby@livejournal.com,Male,74.79.25.186
432,Fonsie,Ivanyukov,fivanyukovbz@google.nl,Agender,219.237.135.108
433,Kassey,Bland,kblandc0@mozilla.com,Female,154.221.232.207
434,Berky,Spackman,bspackmanc1@smh.com.au,Bigender,25.94.118.64
435,Roderich,Braghini,rbraghinic2@uiuc.edu,Male,53.24.17.2
436,Chalmers,Gissing,cgissingc3@amazon.co.uk,Male,115.202.78.110
437,Marchall,Artharg,marthargc4@elpais.com,Male,53.108.189.82
438,Conny,Bolmann,cbolmannc5@geocities.com,Female,45.5.74.33
439,Torey,Tales,ttalesc6@si.edu,Female,149.141.64.12
440,Perry,Naire,pnairec7@cbc.ca,Polygender,187.34.82.72
441,Keeley,Kedwell,kkedwellc8@google.ca,Female,67.25.241.193
442,Elwyn,Itzcak,eitzcakc9@mapquest.com,Male,156.219.118.18
443,Estevan,Mainstone,emainstoneca@vistaprint.com,Male,198.175.107.166
444,Brenn,Kieff,bkieffcb@mtv.com,Female,231.109.158.93
445,Bryce,Ritchard,britchardcc@phpbb.com,Male,90.33.101.30
446,Lucas,Linnemann,llinnemanncd@dedecms.com,Male,125.123.34.203
447,Nanon,Itzkovitch,nitzkovitchce@over-blog.com,Female,30.165.95.201
448,Xaviera,Lermouth,xlermouthcf@usa.gov,Female,60.45.252.176
449,Sawyere,Whartonby,swhartonbycg@jugem.jp,Male,72.230.24.109
450,Linoel,Ungaretti,lungarettich@boston.com,Male,74.40.246.141
451,Tiffanie,Lorkins,tlorkinsci@woothemes.com,Female,199.2.60.207
452,Briant,Brownsett,bbrownsettcj@edublogs.org,Male,167.214.233.111
453,Francisco,Dadley,fdadleyck@howstuffworks.com,Agender,216.218.9.144
454,Annette,Bauser,abausercl@photobucket.com,Female,57.182.2.188
455,Doria,Coorington,dcooringtoncm@newyorker.com,Female,88.157.28.132
456,Fergus,Renshell,frenshellcn@alibaba.com,Male,167.30.163.207
457,Wrennie,Mitford,wmitfordco@clickbank.net,Female,252.162.56.151
458,Violet,Suthworth,vsuthworthcp@devhub.com,Agender,126.197.215.174
459,Charmion,Greenin,cgreenincq@arstechnica.com,Female,36.108.91.92
460,Armin,MacLardie,amaclardiecr@fastcompany.com,Male,68.17.130.26
461,Myra,Alderwick,malderwickcs@sbwire.com,Female,57.221.125.164
462,Temple,Raycroft,traycroftct@meetup.com,Male,18.253.104.220
463,Clarissa,Hunter,chuntercu@house.gov,Female,126.191.31.58
464,Francis,Armal,farmalcv@google.com.br,Male,246.15.21.43
465,Myrlene,Malimoe,mmalimoecw@stanford.edu,Female,161.204.62.123
466,Gilda,Samuel,gsamuelcx@biglobe.ne.jp,Female,110.151.43.68
467,Ximenez,Tomaino,xtomainocy@usa.gov,Male,217.46.183.249
468,Kendrick,Crews,kcrewscz@mozilla.com,Male,128.192.147.113
469,Dennie,Uppett,duppettd0@epa.gov,Male,161.167.45.96
470,Kym,Byrch,kbyrchd1@pagesperso-orange.fr,Female,238.165.205.93
471,Buddy,Arnholdt,barnholdtd2@chronoengine.com,Male,77.239.129.231
472,Sutton,Acome,sacomed3@opera.com,Male,109.101.226.2
473,Bat,Reddyhoff,breddyhoffd4@blog.com,Male,28.77.185.143
474,Dyanne,Clapison,dclapisond5@eepurl.com,Female,99.131.246.138
475,Les,Morriss,lmorrissd6@columbia.edu,Male,76.87.220.201
476,Northrop,Chaudron,nchaudrond7@odnoklassniki.ru,Non-binary,190.114.126.165
477,Neall,Gateland,ngatelandd8@smh.com.au,Male,51.36.150.188
478,Roxi,Peascod,rpeascodd9@mashable.com,Non-binary,244.71.97.239
479,Renee,Measor,rmeasorda@hibu.com,Female,54.3.103.149
480,Luca,O'Duggan,loduggandb@hubpages.com,Male,35.134.70.108
481,Caspar,Stansall,cstansalldc@census.gov,Male,44.90.182.98
482,Catharine,Simms,csimmsdd@privacy.gov.au,Female,17.141.32.219
483,Rivy,McCromley,rmccromleyde@google.co.uk,Female,108.50.143.225
484,Pearla,Riches,prichesdf@g.co,Female,121.25.53.129
485,Camey,Waldram,cwaldramdg@gov.uk,Male,96.44.145.176
486,Leena,Dawton,ldawtondh@devhub.com,Female,138.127.27.241
487,Rafi,Ferrini,rferrinidi@fotki.com,Male,58.205.34.76
488,Magda,Hirth,mhirthdj@gravatar.com,Female,50.127.230.75
489,Wilfrid,Slessor,wslessordk@com.com,Male,132.235.176.49
490,Emilia,Heaford,eheaforddl@ca.gov,Female,173.136.135.117
491,Bran,Fowgies,bfowgiesdm@google.ca,Male,103.165.201.249
492,Dewain,Carlens,dcarlensdn@usgs.gov,Male,223.110.166.178
493,Tallie,Hue,thuedo@yolasite.com,Male,181.224.244.34
494,Orly,Rickerby,orickerbydp@digg.com,Female,200.58.11.242
495,Tonnie,Grzesiak,tgrzesiakdq@addtoany.com,Male,173.193.72.227
496,Valencia,Caillou,vcailloudr@answers.com,Female,202.87.183.115
497,Pepe,Nuccitelli,pnuccitellids@sourceforge.net,Male,225.225.191.205
498,Lutero,Haryngton,lharyngtondt@pbs.org,Male,251.8.34.230
499,Xymenes,Bernardeschi,xbernardeschidu@sun.com,Male,220.142.152.191
500,Ali,Thackston,athackstondv@indiegogo.com,Genderfluid,248.236.232.4
501,Raddie,Penna,rpennadw@surveymonkey.com,Male,177.49.78.35
502,Dore,Scud,dscuddx@yale.edu,Female,88.47.148.34
503,Cobb,Hackney,chackneydy@oracle.com,Genderfluid,42.219.238.11
504,Nahum,Dmitrichenko,ndmitrichenkodz@gnu.org,Male,12.229.239.118
505,Sophi,Renny,srennye0@nyu.edu,Female,20.172.129.224
506,Paule,Camoys,pcamoyse1@tripadvisor.com,Female,253.228.9.196
507,Frazier,Loges,flogese2@linkedin.com,Male,6.107.98.149
508,Jennie,Goulder,jgouldere3@macromedia.com,Female,210.81.199.237
509,Heindrick,Tolputt,htolputte4@360.cn,Male,50.190.122.204
510,Nathanael,Mattheeuw,nmattheeuwe5@unc.edu,Male,233.235.67.133
511,Theo,Hansemann,thansemanne6@google.com.br,Male,33.234.54.228
512,Asa,Buttery,abutterye7@ucsd.edu,Male,65.155.192.13
513,Catarina,Boraston,cborastone8@sakura.ne.jp,Female,146.89.95.39
514,Paolo,Priel,ppriele9@zdnet.com,Male,217.113.131.192
515,Fraze,Donnan,fdonnanea@rambler.ru,Non-binary,220.147.108.110
516,Ephraim,Billingsly,ebillingslyeb@sun.com,Male,111.127.13.32
517,Dorolice,Renowden,drenowdenec@printfriendly.com,Female,52.233.247.177
518,Lovell,Burtonwood,lburtonwooded@google.ca,Bigender,146.74.30.151
519,Keary,Proswell,kproswellee@miibeian.gov.cn,Male,58.82.159.120
520,Evyn,Livett,elivettef@virginia.edu,Male,30.114.116.108
521,Ann,Goadsby,agoadsbyeg@examiner.com,Female,127.126.121.35
522,Roselle,Bredee,rbredeeeh@intel.com,Female,229.61.65.179
523,Lora,Pykerman,lpykermanei@1und1.de,Female,191.214.216.11
524,Tiena,Tinson,ttinsonej@addthis.com,Female,234.197.9.0
525,Nathan,Wallentin,nwallentinek@cnet.com,Male,41.38.173.29
526,North,Lagne,nlagneel@over-blog.com,Male,152.111.153.92
527,Farrell,Trimming,ftrimmingem@netscape.com,Male,92.226.199.105
528,Cassandra,Screeton,cscreetonen@nbcnews.com,Female,139.27.130.166
529,Roxie,Sancho,rsanchoeo@state.tx.us,Female,170.59.144.191
530,Mandy,Kensley,mkensleyep@purevolume.com,Female,12.140.85.138
531,Lindie,Spikeings,lspikeingseq@ucoz.com,Non-binary,201.163.103.155
532,Skipper,Caseley,scaseleyer@issuu.com,Male,78.207.238.108
533,Seward,Liepina,sliepinaes@columbia.edu,Bigender,91.78.199.71
534,Alvie,Walne,awalneet@soup.io,Male,157.39.12.89
535,Kittie,Quickfall,kquickfalleu@statcounter.com,Female,239.238.59.126
536,Marven,Phin,mphinev@sourceforge.net,Male,30.154.68.230
537,Dulciana,Crosby,dcrosbyew@163.com,Female,159.144.82.36
538,Helenka,Poulett,hpoulettex@whitehouse.gov,Female,223.53.190.24
539,Kiele,Pracy,kpracyey@a8.net,Female,39.87.49.194
540,Felita,Stockport,fstockportez@yellowbook.com,Genderfluid,51.106.204.202
541,Adler,Jankin,ajankinf0@ifeng.com,Male,240.239.152.222
542,Berrie,Noye,bnoyef1@census.gov,Female,237.225.136.173
543,Augusta,Hutchin,ahutchinf2@bigcartel.com,Female,238.253.133.46
544,Fletch,Elder,felderf3@phoca.cz,Male,7.84.66.4
545,Tallia,Meldon,tmeldonf4@multiply.com,Non-binary,98.142.50.139
546,Dede,Lochrie,dlochrief5@phoca.cz,Female,55.13.40.130
547,Mead,MacNucator,mmacnucatorf6@nasa.gov,Female,18.21.181.243
548,Crin,Irdale,cirdalef7@wikipedia.org,Female,33.219.220.29
549,Adore,Fairrie,afairrief8@usatoday.com,Female,107.144.129.82
550,Jami,Greaterex,jgreaterexf9@homestead.com,Female,36.136.74.238
551,Zelma,Hulke,zhulkefa@cocolog-nifty.com,Female,188.116.5.3
552,Joelynn,Jeannenet,jjeannenetfb@naver.com,Female,251.96.92.120
553,Nanete,Spackman,nspackmanfc@opera.com,Female,14.184.229.28
554,Jenilee,Mazzey,jmazzeyfd@patch.com,Female,68.173.105.196
555,Casey,Jennery,cjenneryfe@t.co,Male,55.239.1.117
556,Staci,Crate,scrateff@ning.com,Female,210.136.188.241
557,Saloma,Edison,sedisonfg@arizona.edu,Female,74.153.35.169
558,Sven,Bullus,sbullusfh@ehow.com,Male,244.133.166.186
559,Selma,Anstis,sanstisfi@discovery.com,Female,146.29.175.144
560,Harlan,Charlotte,hcharlottefj@friendfeed.com,Male,170.92.17.39
561,Diena,Rosenblath,drosenblathfk@hostgator.com,Female,25.49.71.69
562,Cal,Chipp,cchippfl@youku.com,Male,252.215.231.30
563,Flemming,Prall,fprallfm@naver.com,Agender,214.63.115.111
564,Nicolette,McNerlin,nmcnerlinfn@illinois.edu,Female,224.175.246.116
565,Cosette,Linden,clindenfo@rakuten.co.jp,Female,148.33.216.148
566,Riki,Ranner,rrannerfp@purevolume.com,Female,224.152.137.208
567,Mariska,Van Eeden,mvaneedenfq@cam.ac.uk,Female,41.46.152.36
568,Melosa,Drinkel,mdrinkelfr@cisco.com,Female,239.231.252.53
569,Demeter,Monan,dmonanfs@unblog.fr,Female,50.120.65.114
570,Bailey,Riggeard,briggeardft@creativecommons.org,Non-binary,55.106.167.247
571,Myriam,Greenrod,mgreenrodfu@wordpress.com,Female,66.252.200.114
572,Berne,Sandcroft,bsandcroftfv@wordpress.com,Male,123.79.218.97
573,Gilbertine,Hanwright,ghanwrightfw@bbb.org,Female,225.21.219.232
574,Kira,McCleod,kmccleodfx@ning.com,Female,247.112.245.8
575,Jory,Imorts,jimortsfy@stumbleupon.com,Male,16.37.12.89
576,Afton,Cowdrey,acowdreyfz@mozilla.org,Female,56.156.157.251
577,Deane,Dignall,ddignallg0@nationalgeographic.com,Male,137.6.192.134
578,Babette,Clapton,bclaptong1@google.ca,Female,128.22.179.36
579,Crissie,Gillise,cgilliseg2@infoseek.co.jp,Polygender,99.25.8.60
580,Rowan,Mibourne,rmibourneg3@vkontakte.ru,Bigender,79.220.146.46
581,Miguel,Osgorby,mosgorbyg4@cam.ac.uk,Male,50.175.57.0
582,Lanny,Joubert,ljoubertg5@narod.ru,Male,231.30.234.239
583,Clio,Llywarch,cllywarchg6@prweb.com,Female,38.192.160.147
584,Skippy,Narramor,snarramorg7@gmpg.org,Male,35.153.72.52
585,Griffy,Desvignes,gdesvignesg8@last.fm,Male,63.248.99.7
586,Brynna,Penchen,bpencheng9@wordpress.org,Female,39.50.246.223
587,Millard,Winny,mwinnyga@yahoo.com,Male,134.246.34.181
588,Jarvis,Licas,jlicasgb@yale.edu,Male,7.250.63.172
589,Eveline,Estick,eestickgc@paypal.com,Female,96.13.218.160
590,Allistir,Abrahams,aabrahamsgd@washington.edu,Male,246.7.179.35
591,Mandie,Hamerton,mhamertonge@mozilla.com,Female,135.173.133.216
592,Salomi,Chattell,schattellgf@quantcast.com,Female,233.89.38.81
593,Waldon,MacCard,wmaccardgg@pbs.org,Male,234.42.130.167
594,Shelagh,Edghinn,sedghinngh@mashable.com,Female,120.82.142.153
595,Cecilla,McKinstry,cmckinstrygi@vistaprint.com,Female,114.87.67.217
596,Leigh,Ivanisov,livanisovgj@slate.com,Male,83.189.221.66
597,Wheeler,Petchell,wpetchellgk@nps.gov,Male,152.204.168.73
598,Esther,Droghan,edroghangl@illinois.edu,Female,38.204.205.132
599,Derby,Tulloch,dtullochgm@xinhuanet.com,Agender,193.146.229.124
600,Corabella,Coffin,ccoffingn@qq.com,Female,194.12.24.193
601,Lionel,Markos,lmarkosgo@studiopress.com,Male,207.147.107.1
602,Maria,Giacomozzo,mgiacomozzogp@miitbeian.gov.cn,Female,156.203.94.149
603,Tandi,Swales,tswalesgq@nymag.com,Female,6.210.128.254
604,Flor,Juzek,fjuzekgr@123-reg.co.uk,Female,194.111.214.112
605,David,Korneichik,dkorneichikgs@ihg.com,Male,85.113.25.125
606,Faunie,Blakeston,fblakestongt@clickbank.net,Female,215.28.230.52
607,Caddric,Shurlock,cshurlockgu@163.com,Male,70.111.141.254
608,Ellswerth,Smaleman,esmalemangv@multiply.com,Male,161.64.9.7
609,Elsworth,Graveson,egravesongw@amazon.com,Male,9.209.6.133
610,Binnie,Kardos-Stowe,bkardosstowegx@house.gov,Female,157.247.78.212
611,Philis,Eilles,peillesgy@sphinn.com,Female,224.117.71.145
612,Christyna,Rushby,crushbygz@barnesandnoble.com,Female,59.2.2.146
613,Kit,Bende,kbendeh0@fc2.com,Male,65.122.191.154
614,Michell,Heighway,mheighwayh1@harvard.edu,Female,24.35.19.33
615,Vick,Canto,vcantoh2@zdnet.com,Male,46.131.125.144
616,Erick,MacNair,emacnairh3@gravatar.com,Male,21.41.155.226
617,Jodie,Gannicleff,jgannicleffh4@yahoo.co.jp,Male,209.253.129.175
618,Ginevra,Whelpdale,gwhelpdaleh5@shareasale.com,Polygender,82.49.184.65
619,Cosetta,Conerding,cconerdingh6@ucla.edu,Female,100.91.174.202
620,Carey,Camies,ccamiesh7@i2i.jp,Male,84.194.204.85
621,Elsinore,McGreary,emcgrearyh8@liveinternet.ru,Female,254.63.51.231
622,Ramon,Illsley,rillsleyh9@nih.gov,Male,60.120.165.226
623,Axe,Synan,asynanha@sciencedirect.com,Male,6.137.154.165
624,Ayn,Allatt,aallatthb@jimdo.com,Female,182.247.9.77
625,Wallis,Biddulph,wbiddulphhc@businessweek.com,Female,37.83.168.97
626,Iggie,Gian,igianhd@businesswire.com,Male,148.48.171.130
627,Theodosia,McCallam,tmccallamhe@hc360.com,Genderqueer,246.216.188.93
628,Kylen,Dyzart,kdyzarthf@moonfruit.com,Female,200.17.124.6
629,Edithe,Kumaar,ekumaarhg@bravesites.com,Female,101.250.137.50
630,Fergus,Scudders,fscuddershh@craigslist.org,Male,221.1.205.247
631,Cherilyn,Wooland,cwoolandhi@simplemachines.org,Female,169.218.212.255
632,Bax,Dufer,bduferhj@e-recht24.de,Male,53.84.218.84
633,Parry,Poile,ppoilehk@instagram.com,Male,63.86.46.185
634,Erin,Sottell,esottellhl@about.com,Non-binary,58.140.88.81
635,Tabby,Gillbey,tgillbeyhm@hud.gov,Female,69.192.47.240
636,Francene,Abernethy,fabernethyhn@yelp.com,Female,62.191.2.116
637,Retha,Rosie,rrosieho@reverbnation.com,Female,111.203.73.172
638,Ardelle,Colliard,acolliardhp@tumblr.com,Genderqueer,224.158.225.21
639,Gaby,McDade,gmcdadehq@comcast.net,Male,37.24.207.20
640,Horatia,Dunhill,hdunhillhr@comsenz.com,Female,117.170.152.118
641,Pasquale,Janda,pjandahs@over-blog.com,Male,216.252.138.109
642,Celestyn,Brisker,cbriskerht@yandex.ru,Female,222.143.26.109
643,Laurice,Gagin,lgaginhu@latimes.com,Female,162.167.158.130
644,Carolann,Vanelli,cvanellihv@bbc.co.uk,Female,127.34.247.110
645,Byran,Rawnsley,brawnsleyhw@domainmarket.com,Male,111.58.55.250
646,Krishnah,Tremeer,ktremeerhx@addthis.com,Male,102.235.247.209
647,Georgie,Gratrix,ggratrixhy@auda.org.au,Male,155.104.255.188
648,Binky,Hoodless,bhoodlesshz@mediafire.com,Male,230.85.9.130
649,Aubrey,Shoebrook,ashoebrooki0@multiply.com,Female,143.144.1.191
650,Giffie,Cabera,gcaberai1@mozilla.org,Male,126.0.97.38
651,Sonnie,Moggle,smogglei2@google.cn,Female,112.30.176.242
652,Artemis,Toping,atopingi3@linkedin.com,Male,123.67.39.152
653,Gustav,Davion,gdavioni4@java.com,Male,105.89.200.223
654,Silvanus,Chree,schreei5@google.com,Male,36.57.161.123
655,Marvin,Aldhouse,maldhousei6@csmonitor.com,Male,91.252.177.4
656,Bea,Kiddy,bkiddyi7@answers.com,Female,99.223.204.141
657,Corly,Moxstead,cmoxsteadi8@cisco.com,Female,254.178.146.122
658,Tab,Pranger,tprangeri9@homestead.com,Male,161.234.208.73
659,Elsi,Ciccarello,eciccarelloia@weather.com,Female,180.76.165.248
660,Vilma,Iorizzo,viorizzoib@epa.gov,Female,149.254.69.237
661,Byram,Joannet,bjoannetic@de.vu,Male,8.191.55.229
662,Cleopatra,Crippell,ccrippellid@paypal.com,Bigender,100.13.131.229
663,Alvera,Judd,ajuddie@cbc.ca,Female,154.174.188.109
664,Felic,Lillo,flilloif@omniture.com,Male,105.93.57.247
665,Abraham,Kincaid,akincaidig@aol.com,Male,137.19.160.145
666,Vaughn,Saggs,vsaggsih@pinterest.com,Male,124.186.76.54
667,Aleen,Strongitharm,astrongitharmii@exblog.jp,Female,187.64.101.5
668,Rose,Ormston,rormstonij@pen.io,Female,10.243.201.29
669,Bentley,Huffey,bhuffeyik@vimeo.com,Male,141.129.223.203
670,Shannon,Dawidowsky,sdawidowskyil@noaa.gov,Male,35.243.15.184
671,Irina,Hubery,ihuberyim@merriam-webster.com,Female,255.12.44.25
672,Juliann,Digginson,jdigginsonin@java.com,Agender,77.16.7.92
673,Brander,Sooley,bsooleyio@dot.gov,Male,216.76.189.92
674,Normy,Harget,nhargetip@tripod.com,Male,226.227.25.9
675,Engelbert,Alti,ealtiiq@spotify.com,Male,73.106.68.0
676,Chery,Brandle,cbrandleir@cdc.gov,Female,106.66.253.2
677,Cross,Littlejohn,clittlejohnis@biglobe.ne.jp,Male,57.46.173.57
678,Belvia,Ryburn,bryburnit@dmoz.org,Female,227.74.4.177
679,Marjy,Stallion,mstallioniu@uiuc.edu,Female,39.135.174.103
680,Osborn,Surgener,osurgeneriv@admin.ch,Male,194.161.37.12
681,Alwyn,Shillington,ashillingtoniw@disqus.com,Male,120.203.185.159
682,Arlina,Gostick,agostickix@hao123.com,Female,234.237.132.69
683,Monah,Clipston,mclipstoniy@independent.co.uk,Female,223.243.129.110
684,Raphael,Schutte,rschutteiz@ted.com,Male,79.92.26.127
685,Lowe,Sends,lsendsj0@amazon.co.jp,Male,183.241.90.139
686,Fiorenze,Biles,fbilesj1@flickr.com,Female,98.218.211.156
687,Marlee,Khristoforov,mkhristoforovj2@is.gd,Female,219.215.80.82
688,Vonny,Moreside,vmoresidej3@ask.com,Female,38.137.141.212
689,Flin,Ewart,fewartj4@yahoo.co.jp,Male,11.97.41.118
690,Agatha,Gergolet,agergoletj5@japanpost.jp,Female,195.96.150.175
691,Bendick,Itzkovwitch,bitzkovwitchj6@w3.org,Male,166.165.115.162
692,Thurston,Clausius,tclausiusj7@google.it,Male,55.177.67.242
693,Cesya,Pavlovsky,cpavlovskyj8@geocities.com,Female,243.127.155.47
694,Leta,Judd,ljuddj9@home.pl,Female,148.134.212.154
695,Willetta,Marsy,wmarsyja@odnoklassniki.ru,Genderqueer,64.185.234.10
696,Rex,Swate,rswatejb@wikia.com,Male,111.80.111.210
697,Hanan,Palffrey,hpalffreyjc@answers.com,Male,187.22.33.11
698,Ripley,Boatswain,rboatswainjd@artisteer.com,Male,211.80.204.214
699,Teddy,Dymocke,tdymockeje@chicagotribune.com,Non-binary,73.114.151.215
700,Timmy,Jull,tjulljf@macromedia.com,Male,60.95.74.79
701,Clim,Josling,cjoslingjg@ox.ac.uk,Male,242.195.73.251
702,April,Laite,alaitejh@parallels.com,Female,247.74.168.239
703,Irvin,Howitt,ihowittji@baidu.com,Male,43.221.122.196
704,Dorthy,Askwith,daskwithjj@icq.com,Female,200.28.231.101
705,Laverne,Van der Linde,lvanderlindejk@usda.gov,Female,230.53.126.235
706,Aurore,Patley,apatleyjl@salon.com,Female,103.225.170.253
707,Shaina,McMennum,smcmennumjm@scribd.com,Female,35.237.61.97
708,Effie,Kemery,ekemeryjn@walmart.com,Female,107.121.71.164
709,Millard,Peers,mpeersjo@virginia.edu,Male,181.40.197.169
710,Yorker,Ravenscroftt,yravenscrofttjp@prweb.com,Male,174.18.243.92
711,Tailor,Lysaght,tlysaghtjq@vimeo.com,Bigender,87.50.237.236
712,Broderick,Helbeck,bhelbeckjr@imageshack.us,Male,14.183.59.117
713,Hildagard,Fraulo,hfraulojs@barnesandnoble.com,Female,173.48.8.144
714,Egbert,Kelloway,ekellowayjt@canalblog.com,Male,10.82.35.168
715,Tory,Camoys,tcamoysju@sogou.com,Female,72.81.181.24
716,Lonnie,Apple,lapplejv@yale.edu,Male,52.48.132.53
717,Shandra,MacParland,smacparlandjw@skyrock.com,Female,221.213.1.46
718,Elmira,Hunton,ehuntonjx@shutterfly.com,Female,253.157.252.139
719,Wilona,Marr,wmarrjy@timesonline.co.uk,Female,205.210.66.170
720,Alex,Klos,aklosjz@is.gd,Male,72.98.224.212
721,Anatole,Hatherley,ahatherleyk0@fc2.com,Polygender,80.56.185.96
722,Ottilie,Trevon,otrevonk1@shinystat.com,Female,217.33.103.21
723,Elyn,Muncie,emunciek2@vk.com,Female,187.126.161.111
724,Obed,Woodcock,owoodcockk3@behance.net,Male,183.227.13.164
725,Raddy,Dundredge,rdundredgek4@bigcartel.com,Male,199.29.15.213
726,Sarette,Keysall,skeysallk5@usatoday.com,Female,122.150.156.254
727,Bruno,Ravens,bravensk6@mac.com,Male,19.254.247.100
728,Carmencita,Greenhow,cgreenhowk7@time.com,Female,100.115.131.246
729,Conrad,Durden,cdurdenk8@fema.gov,Male,75.76.64.206
730,Aurlie,Rucklesse,arucklessek9@instagram.com,Female,9.19.21.225
731,Malynda,Shirtcliffe,mshirtcliffeka@trellian.com,Female,135.98.95.221
732,Kiri,Pineaux,kpineauxkb@360.cn,Female,41.107.207.1
733,Rene,Mosey,rmoseykc@hao123.com,Male,174.245.37.148
734,Yetty,Cursons,ycursonskd@ameblo.jp,Female,112.15.135.225
735,Dolf,Besson,dbessonke@technorati.com,Male,35.74.201.179
736,Garrard,Crowch,gcrowchkf@nih.gov,Male,212.85.156.177
737,Modesty,Tremmel,mtremmelkg@meetup.com,Female,80.44.192.142
738,Elsie,Pleace,epleacekh@vinaora.com,Female,153.35.245.207
739,Mariam,MacCahee,mmaccaheeki@fc2.com,Female,160.93.229.174
740,Owen,Gollop,ogollopkj@latimes.com,Male,162.99.102.34
741,Wilmette,Linay,wlinaykk@salon.com,Female,74.21.212.244
742,Fredericka,Threadgall,fthreadgallkl@illinois.edu,Female,113.117.176.184
743,Lionello,Ebbing,lebbingkm@t.co,Male,171.13.183.109
744,Eula,Aizlewood,eaizlewoodkn@domainmarket.com,Female,44.194.0.234
745,Chandra,Eathorne,ceathorneko@baidu.com,Female,191.46.186.198
746,Alexandrina,Drabble,adrabblekp@cbslocal.com,Female,160.154.111.246
747,Markos,Lugton,mlugtonkq@example.com,Male,163.188.163.141
748,Hedvige,Kildahl,hkildahlkr@booking.com,Female,69.80.108.167
749,Kelsy,Coke,kcokeks@edublogs.org,Polygender,26.5.124.161
750,Graig,Wadie,gwadiekt@ameblo.jp,Male,242.107.138.163
751,Joachim,Gillopp,jgilloppku@cmu.edu,Male,241.78.112.163
752,Eddie,Baxstar,ebaxstarkv@pinterest.com,Female,162.196.185.42
753,Petr,Kindle,pkindlekw@senate.gov,Male,90.52.81.211
754,Adelina,Skirrow,askirrowkx@ed.gov,Female,53.174.2.215
755,Nikolaos,Capsey,ncapseyky@aol.com,Genderfluid,43.30.83.200
756,Erhart,Cherrison,echerrisonkz@cbc.ca,Male,43.134.126.57
757,Vonni,Strowthers,vstrowthersl0@ameblo.jp,Female,135.92.11.120
758,Kimmy,Wordley,kwordleyl1@taobao.com,Female,126.77.81.84
759,Oliviero,Yglesia,oyglesial2@utexas.edu,Genderfluid,51.113.39.81
760,Joly,Lewty,jlewtyl3@tmall.com,Female,146.57.70.6
761,Guinevere,Wordsley,gwordsleyl4@pinterest.com,Female,177.249.217.217
762,Freddie,Rihosek,frihosekl5@ovh.net,Male,6.209.5.199
763,Jonathon,Colleymore,jcolleymorel6@mysql.com,Male,55.35.177.114
764,Othilie,Beauly,obeaulyl7@desdev.cn,Female,28.18.220.145
765,Pavel,Gianelli,pgianellil8@dyndns.org,Male,125.29.67.163
766,Heinrick,Muttock,hmuttockl9@edublogs.org,Male,98.83.118.118
767,Clari,Rowes,crowesla@twitter.com,Female,120.226.70.250
768,Shell,Isitt,sisittlb@biglobe.ne.jp,Female,218.121.53.56
769,Lucas,Marzella,lmarzellalc@youtube.com,Male,131.201.55.35
770,Kelbee,Meeking,kmeekingld@cyberchimps.com,Male,225.32.82.82
771,Aviva,Bisterfeld,abisterfeldle@wiley.com,Female,202.193.226.10
772,Sibelle,Pomeroy,spomeroylf@google.com,Female,248.5.194.185
773,Karol,Turnpenny,kturnpennylg@cdc.gov,Female,16.121.187.53
774,Marlo,Breukelman,mbreukelmanlh@state.tx.us,Male,253.240.252.67
775,Brod,Kilgour,bkilgourli@arizona.edu,Male,80.73.251.143
776,Izak,Marshalleck,imarshallecklj@ucla.edu,Bigender,27.230.159.138
777,Essie,Halpeine,ehalpeinelk@mapquest.com,Female,172.4.224.146
778,Adan,Kinworthy,akinworthyll@macromedia.com,Genderqueer,213.171.35.222
779,Steffane,Duffitt,sduffittlm@xing.com,Female,78.249.187.18
780,Angelo,Birdseye,abirdseyeln@indiatimes.com,Male,134.94.16.84
781,Hans,Walwood,hwalwoodlo@webs.com,Male,55.245.213.225
782,Gale,Darwin,gdarwinlp@biglobe.ne.jp,Female,107.196.56.141
783,Bryan,Bevir,bbevirlq@hubpages.com,Male,101.42.130.113
784,Kalvin,Bome,kbomelr@reference.com,Male,104.61.14.126
785,Heinrik,Gidney,hgidneyls@yolasite.com,Polygender,107.49.133.5
786,Wainwright,Shafe,wshafelt@sakura.ne.jp,Male,33.115.26.60
787,Zebadiah,Evreux,zevreuxlu@cbc.ca,Male,54.171.147.104
788,Lavinie,Pollicott,lpollicottlv@redcross.org,Female,90.112.88.254
789,Laurianne,Montilla,lmontillalw@odnoklassniki.ru,Female,92.32.238.62
790,Raychel,Checcucci,rcheccuccilx@reddit.com,Female,60.241.205.40
791,Denice,Brosenius,dbroseniusly@123-reg.co.uk,Female,67.177.235.232
792,Sallyanne,Shovell,sshovelllz@wired.com,Female,41.8.44.193
793,Jilly,Linford,jlinfordm0@studiopress.com,Female,207.82.45.252
794,Hesther,Squirrel,hsquirrelm1@gov.uk,Female,66.62.135.203
795,Micky,Nicolls,mnicollsm2@studiopress.com,Genderqueer,209.201.102.144
796,Daryle,Klimt,dklimtm3@vkontakte.ru,Male,86.214.77.57
797,Arlie,Paulson,apaulsonm4@phpbb.com,Female,33.254.16.0
798,Jocelin,Judge,jjudgem5@ucla.edu,Female,87.91.171.38
799,Babette,Hatherley,bhatherleym6@army.mil,Female,72.178.35.230
800,Abner,Fone,afonem7@zdnet.com,Male,35.184.179.165
801,Salomo,Deary,sdearym8@wunderground.com,Male,116.4.63.46
802,Cynthie,Senett,csenettm9@msu.edu,Female,208.51.45.76
803,Gypsy,Pedro,gpedroma@yelp.com,Female,58.108.77.15
804,Feodor,Forsythe,fforsythemb@jugem.jp,Non-binary,202.243.20.156
805,Haven,De Hooge,hdehoogemc@ameblo.jp,Male,168.30.81.145
806,Hanny,Gomersal,hgomersalmd@storify.com,Female,251.198.169.154
807,Feodor,Hexham,fhexhamme@jimdo.com,Male,69.232.97.95
808,Milo,Cardenosa,mcardenosamf@constantcontact.com,Genderfluid,159.40.194.115
809,Rufe,Villiers,rvilliersmg@gov.uk,Male,241.45.23.4
810,Sydney,Dodman,sdodmanmh@pen.io,Male,12.1.213.130
811,Kendricks,Olfert,kolfertmi@clickbank.net,Male,166.230.60.245
812,Hazel,Celes,hcelesmj@biglobe.ne.jp,Male,181.48.238.80
813,Happy,Barks,hbarksmk@miitbeian.gov.cn,Female,43.144.204.82
814,Ryann,Leadbitter,rleadbitterml@technorati.com,Female,167.120.9.70
815,Anne-marie,Hasted,ahastedmm@myspace.com,Female,226.48.88.100
816,Bernadette,Busek,bbusekmn@ibm.com,Female,47.23.96.196
817,Concettina,Solomon,csolomonmo@timesonline.co.uk,Female,24.63.56.155
818,Flss,Dimbleby,fdimblebymp@shutterfly.com,Female,182.61.7.192
819,Cozmo,Agnew,cagnewmq@wix.com,Male,131.159.245.16
820,Tulley,Odom,todommr@cisco.com,Male,192.5.69.49
821,Phillipe,Dummett,pdummettms@networksolutions.com,Male,155.97.204.161
822,Maria,Lackeye,mlackeyemt@ted.com,Female,186.28.122.12
823,Tommy,Jewkes,tjewkesmu@mail.ru,Agender,124.56.75.41
824,Franklyn,Lindenblatt,flindenblattmv@theglobeandmail.com,Male,235.67.201.255
825,Verge,Walkling,vwalklingmw@hibu.com,Male,97.8.73.135
826,Reynolds,Temlett,rtemlettmx@patch.com,Male,146.85.164.187
827,Kittie,Jodrelle,kjodrellemy@joomla.org,Female,230.70.89.63
828,Debera,Zaniolo,dzaniolomz@wix.com,Female,142.222.140.11
829,Ofilia,Bakey,obakeyn0@jigsy.com,Female,117.128.102.215
830,Jorry,Peye,jpeyen1@uiuc.edu,Bigender,101.100.43.82
831,Nydia,Beeze,nbeezen2@blogtalkradio.com,Agender,193.224.11.220
832,Licha,Plowes,lplowesn3@google.it,Female,21.255.156.220
833,Dulcie,Mynott,dmynottn4@nasa.gov,Female,125.9.166.14
834,Faustina,Deakan,fdeakann5@bloomberg.com,Female,46.12.39.212
835,Byrle,Cowey,bcoweyn6@discuz.net,Non-binary,165.97.52.81
836,Keefer,Imore,kimoren7@npr.org,Male,197.133.123.140
837,Jenilee,Chipperfield,jchipperfieldn8@sogou.com,Female,231.21.195.113
838,Prentice,Klempke,pklempken9@va.gov,Male,163.168.102.187
839,Margarete,Serrurier,mserrurierna@cdbaby.com,Female,160.170.91.238
840,Jeana,Halligan,jhalligannb@google.de,Female,145.170.233.129
841,Ellie,Messer,emessernc@mozilla.com,Female,162.130.76.185
842,Andrey,Tocknell,atocknellnd@nifty.com,Male,73.72.0.136
843,Asher,Creelman,acreelmanne@goo.ne.jp,Male,27.136.11.173
844,Suzie,Ensley,sensleynf@sakura.ne.jp,Female,220.62.120.32
845,Salem,Sleet,ssleetng@skyrock.com,Male,240.250.78.130
846,Caesar,Larkcum,clarkcumnh@dagondesign.com,Male,164.193.128.111
847,Jean,Circuit,jcircuitni@tamu.edu,Male,0.205.11.194
848,Pippy,Sherville,pshervillenj@cornell.edu,Female,125.212.95.102
849,Danny,Quartermaine,dquartermainenk@yolasite.com,Male,231.39.220.100
850,Stephenie,Raylton,srayltonnl@phoca.cz,Female,51.155.140.157
851,Temple,Roscamps,troscampsnm@icq.com,Male,89.156.244.165
852,Cynthea,Sweeting,csweetingnn@domainmarket.com,Female,57.233.103.56
853,Ariela,Feye,afeyeno@ycombinator.com,Female,10.199.196.239
854,Nikolaos,Spender,nspendernp@yale.edu,Male,21.72.64.115
855,Scotty,Neeve,sneevenq@economist.com,Male,120.76.202.14
856,Fred,Walshaw,fwalshawnr@w3.org,Male,91.204.184.70
857,Rosalynd,Costigan,rcostiganns@ezinearticles.com,Female,78.161.187.222
858,Dulcy,McQuirter,dmcquirternt@wunderground.com,Female,24.27.78.205
859,Marlon,Jasiak,mjasiaknu@pinterest.com,Male,45.200.233.191
860,Kerwin,Lendrem,klendremnv@qq.com,Male,4.71.19.237
861,Dominique,Blumfield,dblumfieldnw@who.int,Female,33.33.0.77
862,David,Rooke,drookenx@telegraph.co.uk,Male,145.106.17.240
863,Nelle,Trafford,ntraffordny@taobao.com,Female,5.192.131.65
864,Kakalina,Braithwait,kbraithwaitnz@ucla.edu,Agender,20.140.109.94
865,Karol,Bullan,kbullano0@list-manage.com,Agender,125.207.101.70
866,Kathryn,Limpenny,klimpennyo1@unc.edu,Female,128.207.170.245
867,Padraig,McMaster,pmcmastero2@naver.com,Male,54.177.47.234
868,Brion,Dronsfield,bdronsfieldo3@w3.org,Genderfluid,88.227.104.55
869,Yurik,Sekulla,ysekullao4@unc.edu,Male,213.245.183.62
870,Zared,Ashtonhurst,zashtonhursto5@spotify.com,Male,237.104.27.8
871,Constancia,Levesley,clevesleyo6@yahoo.co.jp,Female,82.157.182.199
872,Orton,Gaskarth,ogaskartho7@live.com,Male,24.80.108.164
873,Sadye,Doorly,sdoorlyo8@a8.net,Female,20.187.188.217
874,Isidora,Ochterlony,iochterlonyo9@ucla.edu,Female,65.161.241.168
875,Seumas,Hourihan,shourihanoa@histats.com,Male,153.50.184.124
876,Belicia,Batchellor,bbatchellorob@ezinearticles.com,Agender,90.44.23.246
877,Corine,Keelinge,ckeelingeoc@twitpic.com,Female,62.190.168.176
878,Jessie,Hare,jhareod@naver.com,Female,85.34.186.210
879,Monty,Naulty,mnaultyoe@craigslist.org,Male,148.152.55.173
880,Si,Summerfield,ssummerfieldof@jugem.jp,Male,168.42.248.17
881,Natal,Farlowe,nfarloweog@skype.com,Male,157.69.203.232
882,Giavani,Flather,gflatheroh@usatoday.com,Male,56.31.112.58
883,Bethany,Boultwood,bboultwoodoi@goo.gl,Female,123.37.132.16
884,Emmaline,Greenland,egreenlandoj@kickstarter.com,Female,137.98.112.30
885,Chrissy,MacPadene,cmacpadeneok@mozilla.org,Male,126.145.10.104
886,Mohandis,Raynham,mraynhamol@ask.com,Male,25.219.47.244
887,Ginnifer,Nekrews,gnekrewsom@geocities.jp,Female,174.54.51.74
888,Sholom,Ackenson,sackensonon@ebay.com,Male,197.4.203.208
889,Mollee,Lunam,mlunamoo@nydailynews.com,Non-binary,128.226.151.236
890,Cheston,Griffith,cgriffithop@nsw.gov.au,Male,187.128.90.190
891,Janela,Batteson,jbattesonoq@com.com,Female,213.247.100.26
892,Hallsy,Darrach,hdarrachor@businessweek.com,Male,40.84.92.35
893,Gerri,Bortol,gbortolos@sciencedirect.com,Male,71.17.63.180
894,Michaeline,Greenroyd,mgreenroydot@imdb.com,Female,249.116.228.172
895,Jareb,Breadon,jbreadonou@123-reg.co.uk,Male,100.187.227.55
896,Giorgio,Andreas,gandreasov@free.fr,Male,144.178.27.152
897,Crystie,Delve,cdelveow@opera.com,Female,63.121.89.234
898,Kimberlyn,Bowdrey,kbowdreyox@1und1.de,Female,162.59.167.77
899,Lutero,Guttridge,lguttridgeoy@wikipedia.org,Male,144.250.106.162
900,Porty,Bernardo,pbernardooz@plala.or.jp,Male,233.78.45.194
901,Durand,Lillico,dlillicop0@webeden.co.uk,Male,66.90.131.133
902,Duffy,Maypowder,dmaypowderp1@fastcompany.com,Male,235.89.233.233
903,Harriot,Dreger,hdregerp2@mediafire.com,Female,241.57.133.185
904,Quinn,Joannic,qjoannicp3@phpbb.com,Male,65.41.89.92
905,Meredith,Scholtis,mscholtisp4@unicef.org,Female,98.35.37.135
906,Mycah,Lamshead,mlamsheadp5@jiathis.com,Male,142.80.41.209
907,Junie,Grundell,jgrundellp6@free.fr,Female,224.61.68.210
908,Paulina,Klassman,pklassmanp7@netvibes.com,Female,219.210.200.85
909,Fabe,Sapseed,fsapseedp8@sfgate.com,Male,37.240.91.134
910,Ambrosius,Downing,adowningp9@51.la,Male,84.197.119.121
911,Osmund,King,okingpa@springer.com,Male,111.70.247.89
912,Jeremy,Devonshire,jdevonshirepb@flickr.com,Male,231.173.120.18
913,Myrle,Vassay,mvassaypc@tamu.edu,Female,137.207.240.192
914,Sterne,Bonnaire,sbonnairepd@mayoclinic.com,Male,222.241.177.187
915,Ula,Pankethman,upankethmanpe@dmoz.org,Female,57.49.250.112
916,Minor,Marian,mmarianpf@ebay.co.uk,Male,83.169.60.138
917,Mirella,Grasner,mgrasnerpg@youtube.com,Female,170.209.125.122
918,Levon,Leve,lleveph@godaddy.com,Male,231.126.183.64
919,Godwin,Jiggle,gjigglepi@zimbio.com,Male,107.27.168.93
920,Hedvig,O'Kane,hokanepj@cloudflare.com,Female,193.37.16.27
921,Kevan,Amorine,kamorinepk@mac.com,Male,84.71.171.180
922,Brew,Absolon,babsolonpl@taobao.com,Male,126.162.199.23
923,Janice,Pinn,jpinnpm@free.fr,Female,246.96.31.189
924,Romeo,Bramstom,rbramstompn@xinhuanet.com,Male,178.30.254.106
925,Nerti,Boliver,nboliverpo@people.com.cn,Female,68.203.173.162
926,Dorothee,Bielefeld,dbielefeldpp@pbs.org,Non-binary,14.255.147.59
927,Brnaby,Beglin,bbeglinpq@cnbc.com,Male,146.54.191.10
928,Filberte,Lait,flaitpr@ycombinator.com,Male,56.149.151.252
929,Davina,Tuxell,dtuxellps@amazon.co.jp,Female,32.218.62.35
930,Anallise,O'Toole,aotoolept@archive.org,Female,102.76.105.170
931,Silva,Burkert,sburkertpu@kickstarter.com,Bigender,221.121.28.211
932,Dirk,Blasing,dblasingpv@technorati.com,Male,199.123.73.221
933,Tobe,Jouen,tjouenpw@jimdo.com,Male,85.62.24.12
934,Guillaume,Wyatt,gwyattpx@slideshare.net,Male,176.61.26.95
935,Adena,MacFadyen,amacfadyenpy@shop-pro.jp,Female,132.246.202.112
936,Forster,Adair,fadairpz@tuttocitta.it,Male,215.100.156.18
937,Dyanna,Davidow,ddavidowq0@merriam-webster.com,Female,231.169.227.54
938,Louisa,Antyshev,lantyshevq1@rakuten.co.jp,Female,64.222.21.218
939,Gill,Janczyk,gjanczykq2@vimeo.com,Male,25.105.204.107
940,Phedra,Tribell,ptribellq3@loc.gov,Bigender,159.179.59.127
941,Aigneis,Purcer,apurcerq4@sakura.ne.jp,Female,156.108.93.233
942,Hobey,Jagels,hjagelsq5@bizjournals.com,Male,194.81.233.174
943,Melly,Sommerlie,msommerlieq6@upenn.edu,Female,121.214.182.93
944,Frank,Baseke,fbasekeq7@elpais.com,Female,207.16.58.215
945,Bradly,Casson,bcassonq8@bizjournals.com,Male,139.43.104.24
946,Yale,Godfroy,ygodfroyq9@msn.com,Genderqueer,202.67.125.248
947,Dreddy,Reis,dreisqa@networksolutions.com,Genderfluid,228.130.118.156
948,Guy,Arnaez,garnaezqb@dropbox.com,Male,221.225.160.0
949,Angelle,Westphalen,awestphalenqc@weibo.com,Female,124.138.27.249
950,Berti,Dax,bdaxqd@altervista.org,Male,136.87.80.73
951,Amalee,Jenicek,ajenicekqe@cisco.com,Female,26.88.228.121
952,Tamar,Bowe,tboweqf@ucla.edu,Female,57.102.214.143
953,Bertram,While,bwhileqg@craigslist.org,Male,72.172.228.27
954,Urbano,Instock,uinstockqh@barnesandnoble.com,Male,135.20.41.107
955,Darb,Tite,dtiteqi@hubpages.com,Male,75.142.184.210
956,Rollin,McGahey,rmcgaheyqj@phpbb.com,Male,67.220.109.26
957,Elfrieda,Anelay,eanelayqk@nasa.gov,Female,143.150.212.249
958,Wilmer,Inskipp,winskippql@businesswire.com,Male,236.223.238.146
959,Domingo,Gronous,dgronousqm@g.co,Male,58.191.23.209
960,Heddi,Kyne,hkyneqn@cornell.edu,Female,237.191.239.186
961,Goldia,O'Dulchonta,godulchontaqo@ftc.gov,Female,13.176.10.245
962,Goraud,Spurdle,gspurdleqp@liveinternet.ru,Genderfluid,140.188.137.28
963,Grazia,Pollendine,gpollendineqq@hostgator.com,Female,8.28.81.74
964,Elisabetta,Stedell,estedellqr@merriam-webster.com,Genderfluid,167.182.93.137
965,Sella,Dunphy,sdunphyqs@statcounter.com,Female,181.53.88.11
966,Nikaniki,Eisikowitz,neisikowitzqt@wikimedia.org,Female,105.168.224.194
967,Ferguson,Joannet,fjoannetqu@netvibes.com,Male,4.115.218.45
968,Sammy,Cristobal,scristobalqv@ted.com,Male,117.44.150.135
969,Lind,Mendez,lmendezqw@un.org,Male,190.37.130.112
970,Garik,Satcher,gsatcherqx@vinaora.com,Male,113.78.134.212
971,Helenka,Loseby,hlosebyqy@thetimes.co.uk,Female,189.85.64.96
972,Piper,Micheli,pmicheliqz@answers.com,Female,130.174.100.214
973,Wolf,Pleavin,wpleavinr0@sfgate.com,Male,207.125.39.106
974,Ailyn,Illwell,aillwellr1@phpbb.com,Female,135.233.42.80
975,Dorita,Eakley,deakleyr2@cmu.edu,Female,110.158.82.208
976,Evyn,Mathelon,emathelonr3@epa.gov,Male,200.120.33.66
977,Matty,Nore,mnorer4@wikispaces.com,Male,27.225.220.192
978,Raynard,Camamile,rcamamiler5@oakley.com,Agender,15.157.243.143
979,Zorina,McEllen,zmcellenr6@smugmug.com,Female,44.114.135.53
980,Wren,Hlavac,whlavacr7@weather.com,Genderfluid,57.71.63.186
981,Laraine,Weeke,lweeker8@infoseek.co.jp,Female,183.38.216.139
982,Stefan,Bonwell,sbonwellr9@w3.org,Male,235.153.0.154
983,Teresita,Ferres,tferresra@disqus.com,Genderqueer,136.103.160.168
984,Darb,Fidal,dfidalrb@goo.gl,Female,183.125.162.200
985,Erhart,Edmondson,eedmondsonrc@vkontakte.ru,Male,29.246.85.181
986,Noland,Housbie,nhousbierd@google.ca,Male,254.84.188.72
987,Beverie,Celloni,bcellonire@paypal.com,Bigender,194.103.74.53
988,Suki,Haffard,shaffardrf@shareasale.com,Female,125.57.154.172
989,Marcella,O'Corrane,mocorranerg@oracle.com,Female,22.151.174.192
990,Taddeusz,Manketell,tmanketellrh@cdc.gov,Male,154.95.154.105
991,Chadd,Spindler,cspindlerri@mapquest.com,Male,51.238.153.80
992,Berne,Lodder,blodderrj@dmoz.org,Male,222.124.164.223
993,Bernardine,Lemary,blemaryrk@globo.com,Female,252.64.199.142
994,Katy,Ofer,koferrl@comcast.net,Female,158.69.118.135
995,Shepperd,Millan,smillanrm@hugedomains.com,Genderqueer,239.118.115.123
996,Corrie,Zanuciolii,czanucioliirn@wired.com,Male,147.215.158.6
997,Willa,Boscott,wboscottro@vk.com,Female,57.30.155.140
998,Hale,Lantaph,hlantaphrp@nsw.gov.au,Male,23.221.109.216
999,Quentin,Leven,qlevenrq@nih.gov,Male,67.47.40.54
1000,Jolyn,Pegden,jpegdenrr@statcounter.com,Female,103.18.195.216
